# Fig. 3: SegVGGT-DPT Joint, AUPRC vs number of jointly attended views N.
# source=table   -> exact, taken from Table 1 / Table 2 (the N=4 column must equal them)
# source=text    -> exact, quoted in Section 4.4
# source=read    -> APPROXIMATE, read off the plotted curve. Replace from your logs.
dataset,bin,N,auprc,source
Replica,0-45,2,81.5,read
Replica,0-45,4,81.66,table
Replica,0-45,6,81.3,read
Replica,0-45,8,81.1,read
Replica,45-90,2,82.0,read
Replica,45-90,4,83.03,table
Replica,45-90,6,82.8,read
Replica,45-90,8,82.3,read
Replica,90-135,2,83.5,read
Replica,90-135,4,81.85,table
Replica,90-135,6,83.0,read
Replica,90-135,8,82.3,read
Replica,135-180,2,76.4,read
Replica,135-180,4,77.69,table
Replica,135-180,6,77.7,read
Replica,135-180,8,77.5,read
VKITTI2,0-45,2,47.2,read
VKITTI2,0-45,4,47.50,table
VKITTI2,0-45,6,47.6,read
VKITTI2,0-45,8,47.6,read
VKITTI2,45-90,2,57.2,read
VKITTI2,45-90,4,57.54,table
VKITTI2,45-90,6,57.4,read
VKITTI2,45-90,8,57.7,read
VKITTI2,90-135,2,66.0,read
VKITTI2,90-135,4,70.10,table
VKITTI2,90-135,6,70.3,read
VKITTI2,90-135,8,69.4,read
VKITTI2,135-180,2,71.05,text
VKITTI2,135-180,4,76.92,table
VKITTI2,135-180,6,78.22,text
VKITTI2,135-180,8,77.4,read
